Team_A,Team_B,Elo_Diff,Squad_Sum_Diff,Squad_Median_Diff,Squad_Var_Diff,Count_50M_Diff,Margin_Diff,Age_Avg_Diff,ValuePerCap_Diff,xG_A_final,xG_B_final,p_Home_Win,p_Draw,p_Away_Win
Spain,France,99.303825,-3.0,-11.55,-0.9726908,-6.0,2.8474438,0.53185725,-0.31605962,2.0,0.0,0.0,0.0,1.0
Spain,Argentina,15.085313,4.125,15.97,-0.47450545,2.0,0.6265829,-1.103473,0.85124636,1.429072618484497,0.8243211507797241,0.51412,0.26652,0.21936
Spain,England,145.64534,-1.4,-5.21,-1.1503768,-6.0,2.5590796,-0.19022112,-0.06431137,1.1426975727081299,1.038630485534668,0.38094,0.29422,0.32484
France,Argentina,-84.21851,7.125,27.52,0.49818537,8.0,-2.220861,-1.6353302,1.167306,1.3894927501678467,0.8357038497924805,0.5018,0.27646,0.22174
France,England,46.34151,1.6,6.34,-0.17768602,0.0,-0.28836405,-0.7220784,0.25174826,1.2278640270233154,0.9559464454650879,0.42284,0.2892,0.28796
Argentina,England,130.56003,-5.525,-21.18,-0.6758714,-8.0,1.9324968,0.9132518,-0.91555774,2.0,1.0,0.0,0.0,1.0
